id,time_posted,name,title,filename
2952927,1513103478,recklessfirex,,__cleveland_azur_lane_drawn_by_takeume__sample-a3243ba42a50ca78add7e4be08cf3fc2
2894939,1508352336,CharleyDodger,,__doudanuki_masakuni_and_mikazuki_munechika_touken_ranbu_drawn_by_ouse_otussger__sample-8268843769b44f100b9e0f196e931b56
2826502,1503185623,keonas,,__anastasia_and_nitta_minami_idolmaster_and_idolmaster_cinderella_girls_drawn_by_taka_takahirokun__sample-a13290b2e252b0dd8479851c4b1b589a
2826496,1503185407,keonas,,__m1903_springfield_and_wa2000_girls_frontline_and_manatsu_no_yo_no_inmu_drawn_by_gayprince_no_2__sample-468d7ec9177e532433ad2b9224ff5153
2764688,1498161917,wuv_u,,__hakurei_reimu_touhou_drawn_by_yoruny__sample-5002ad3aa2fbcea3ff4fc257ba505d4c
2681915,1491383218,john1980,,__alpaca_suri_american_beaver_black_tailed_prairie_dog_campo_flicker_emperor_penguin_and_others_kemono_friends_drawn_by_murakami_hisashi__sample-b9a6e8279000ec2f5e34c26553b6d697
2681914,1491383174,john1980,,__alpaca_suri_american_beaver_black_tailed_prairie_dog_emperor_penguin_eurasian_eagle_owl_and_others_kemono_friends_drawn_by_murakami_hisashi__sample-27cb7f7cfa19299bf328132cbfb5d6f4
2681912,1491383152,john1980,,__alpaca_suri_american_beaver_black_tailed_prairie_dog_emperor_penguin_eurasian_eagle_owl_and_others_kemono_friends_drawn_by_murakami_hisashi__sample-d4a181e6b23a7ddfeeecd609931823aa
2681911,1491383132,john1980,,__alpaca_suri_american_beaver_black_tailed_prairie_dog_eurasian_eagle_owl_hippopotamus_and_others_kemono_friends_drawn_by_murakami_hisashi__sample-cd9af47eda41a2d2f40448fbeb4b9140
2681910,1491383126,john1980,,__alpaca_suri_american_beaver_black_tailed_prairie_dog_hippopotamus_jaguar_and_others_kemono_friends_drawn_by_murakami_hisashi__sample-01f5e58499edc5b543214acf9ad77f78
2681903,1491383061,john1980,,__african_wild_dog_alpaca_suri_american_beaver_arabian_oryx_aurochs_and_others_kemono_friends_drawn_by_murakami_hisashi__sample-debdc926838180e61e9d8e12ab4b6fd7
2677936,1491042917,WhatTheFox,,__spongebob_squarepants_starbucks_siren_and_stb_chan_spongebob_squarepants_and_starbucks_drawn_by_gashi_gashi__89b79e5a8a1f40c55ab64b696debf043
2677485,1491001507,chuck_tesla,,__african_wild_dog_alpaca_suri_american_beaver_black_tailed_prairie_dog_brown_bear_and_others_kemono_friends_drawn_by_murakami_hisashi__sample-3c09b6488f09136050aca9a53ea0ebd9
2677466,1491000202,chuck_tesla,,__african_wild_dog_alpaca_suri_american_beaver_arabian_oryx_aurochs_and_others_kemono_friends_drawn_by_murakami_hisashi__sample-1d977466991dfe30067af9722a9c991f
2676643,1490928240,mutopis,,__african_wild_dog_alpaca_suri_american_beaver_black_tailed_prairie_dog_brown_bear_and_others_kemono_friends_drawn_by_murakami_hisashi__sample-652016123f5fa94a2f02ffc69ccebbf4
2676351,1490897266,ZombieMeowth,,__african_wild_dog_alpaca_suri_american_beaver_arabian_oryx_aurochs_and_others_kemono_friends_drawn_by_murakami_hisashi__sample-2ab2c6840a563b206755d570ffb26c08
2669031,1490306300,evvvk,,__admiral_omaha_prinz_eugen_and_quincy_zhan_jian_shao_nyu_drawn_by_y_ssanoha__sample-612bde079da328216744820ab0c156e5
2563007,1481142752,Lannihan,,__rem_re_zero_kara_hajimeru_isekai_seikatsu_drawn_by_diaoling__sample-fcafdca60e3a726faa52a7db99de5c4f
2562544,1481097351,worldendDominator,,__kurusu_kimihito_lala_miia_rachnera_arachnera_and_venom_marvel_and_monster_musume_no_iru_nichijou_drawn_by_drawfag__sample-ecd8dd70e7318637abf20b39090159a8
2513862,1476456649,Qpax,,__ringo_pen_pineapple_apple_pen_and_touhou_drawn_by_goroumaru__02fa31233d04cad9f981d5f9bf8a30cc
2952927,1513103478,recklessfirex,,__cleveland_azur_lane_drawn_by_takeume__sample-a3243ba42a50ca78add7e4be08cf3fc2
2894939,1508352336,CharleyDodger,,__doudanuki_masakuni_and_mikazuki_munechika_touken_ranbu_drawn_by_ouse_otussger__sample-8268843769b44f100b9e0f196e931b56
2826502,1503185623,keonas,,__anastasia_and_nitta_minami_idolmaster_and_idolmaster_cinderella_girls_drawn_by_taka_takahirokun__sample-a13290b2e252b0dd8479851c4b1b589a
2826496,1503185407,keonas,,__m1903_springfield_and_wa2000_girls_frontline_and_manatsu_no_yo_no_inmu_drawn_by_gayprince_no_2__sample-468d7ec9177e532433ad2b9224ff5153
2764688,1498161917,wuv_u,,__hakurei_reimu_touhou_drawn_by_yoruny__sample-5002ad3aa2fbcea3ff4fc257ba505d4c
2681915,1491383218,john1980,,__alpaca_suri_american_beaver_black_tailed_prairie_dog_campo_flicker_emperor_penguin_and_others_kemono_friends_drawn_by_murakami_hisashi__sample-b9a6e8279000ec2f5e34c26553b6d697
2681914,1491383174,john1980,,__alpaca_suri_american_beaver_black_tailed_prairie_dog_emperor_penguin_eurasian_eagle_owl_and_others_kemono_friends_drawn_by_murakami_hisashi__sample-27cb7f7cfa19299bf328132cbfb5d6f4
2681912,1491383152,john1980,,__alpaca_suri_american_beaver_black_tailed_prairie_dog_emperor_penguin_eurasian_eagle_owl_and_others_kemono_friends_drawn_by_murakami_hisashi__sample-d4a181e6b23a7ddfeeecd609931823aa
2681911,1491383132,john1980,,__alpaca_suri_american_beaver_black_tailed_prairie_dog_eurasian_eagle_owl_hippopotamus_and_others_kemono_friends_drawn_by_murakami_hisashi__sample-cd9af47eda41a2d2f40448fbeb4b9140
2681910,1491383126,john1980,,__alpaca_suri_american_beaver_black_tailed_prairie_dog_hippopotamus_jaguar_and_others_kemono_friends_drawn_by_murakami_hisashi__sample-01f5e58499edc5b543214acf9ad77f78
2681903,1491383061,john1980,,__african_wild_dog_alpaca_suri_american_beaver_arabian_oryx_aurochs_and_others_kemono_friends_drawn_by_murakami_hisashi__sample-debdc926838180e61e9d8e12ab4b6fd7
2677936,1491042917,WhatTheFox,,__spongebob_squarepants_starbucks_siren_and_stb_chan_spongebob_squarepants_and_starbucks_drawn_by_gashi_gashi__89b79e5a8a1f40c55ab64b696debf043
2677485,1491001507,chuck_tesla,,__african_wild_dog_alpaca_suri_american_beaver_black_tailed_prairie_dog_brown_bear_and_others_kemono_friends_drawn_by_murakami_hisashi__sample-3c09b6488f09136050aca9a53ea0ebd9
2677466,1491000202,chuck_tesla,,__african_wild_dog_alpaca_suri_american_beaver_arabian_oryx_aurochs_and_others_kemono_friends_drawn_by_murakami_hisashi__sample-1d977466991dfe30067af9722a9c991f
2676643,1490928240,mutopis,,__african_wild_dog_alpaca_suri_american_beaver_black_tailed_prairie_dog_brown_bear_and_others_kemono_friends_drawn_by_murakami_hisashi__sample-652016123f5fa94a2f02ffc69ccebbf4
2676351,1490897266,ZombieMeowth,,__african_wild_dog_alpaca_suri_american_beaver_arabian_oryx_aurochs_and_others_kemono_friends_drawn_by_murakami_hisashi__sample-2ab2c6840a563b206755d570ffb26c08
2669031,1490306300,evvvk,,__admiral_omaha_prinz_eugen_and_quincy_zhan_jian_shao_nyu_drawn_by_y_ssanoha__sample-612bde079da328216744820ab0c156e5
2563007,1481142752,Lannihan,,__rem_re_zero_kara_hajimeru_isekai_seikatsu_drawn_by_diaoling__sample-fcafdca60e3a726faa52a7db99de5c4f
2562544,1481097351,worldendDominator,,__kurusu_kimihito_lala_miia_rachnera_arachnera_and_venom_marvel_and_monster_musume_no_iru_nichijou_drawn_by_drawfag__sample-ecd8dd70e7318637abf20b39090159a8
2513862,1476456649,Qpax,,__ringo_pen_pineapple_apple_pen_and_touhou_drawn_by_goroumaru__02fa31233d04cad9f981d5f9bf8a30cc
2443576,1470298931,rollingdice,,__hakurei_reimu_touhou_drawn_by_yoruny__sample-5fda58b0db822037fdf462903f5971a5
2414809,1467848843,KazuyaRazuKazama,,__yakumo_yukari_touhou_drawn_by_mazume__cd2842af00f6749e926199612ff3e816
2135323,1443423085,GiveUpTheGhost,,__nohara_hiroshi_and_nohara_misae_crayon_shin_chan_drawn_by_ninozapo__ff85ea143e4a7ff24f091188ad87feae
2062346,1436328753,Lannihan,,__murakumo_kantai_collection_drawn_by_jito_mesuki_nitouhei__sample-5b4b93e3b9e36d886b8226e448f9f252
2032568,1433598837,RinkaS,,__kochiya_sanae_touhou_drawn_by_hater_hatater__sample-31074c3a28c6c76f4cd46ff602e4dead
1858635,1417255644,Mavado,,__meroune_lorelei_and_tarrasque_monster_musume_no_iru_nichijou_drawn_by_less__sample-09a3bb81ad5a1487168f403d4328bbd9
1852999,1416714599,mutopis,,__alicia_beth_and_rubel_claymore_drawn_by_eriance__7b511805c46478995df57ba95616b7c3
1815684,1412884161,Tobi-Sempai,,__daimon_masaru_kemuri_jatarou_komaeda_nagito_monaka_shingetsu_nagisa_and_others_danganronpa_and_zettai_zetsubou_shoujo_drawn_by_giricho__sample-2bc8d500bc6db8d54e13b9b5c2283c7c
1721246,1403883792,Ars,,__original_drawn_by_whistlerx__sample-3fb3e408e148a0cabbbda15ad39a7476
1693533,1400876634,SciFi,,
1689020,1400360973,NotErich,,__kaku_seiga_touhou_drawn_by_d_kureta__sample-1a9898bf65d06223b3b71ff8f2da7c6a
1666870,1398159515,NCAA_Gundam,,__doge_drawn_by_feng_ze__sample-80ff0bafe476685f2420feb6b85c1b92
1666866,1398158610,dean_exia,,__doge_original_drawn_by_feng_ze__sample-61805031bd007fc4292c610fe451d5ff
1666720,1398133229,Ars,,__doge_original_drawn_by_feng_ze__sample-da84b7cf468f5d7bf59be989c692132d
1653430,1396568778,Krugger,,__imaizumi_kagerou_touhou_drawn_by_wanaata__sample-e35441eccdd97562360a9d6a9c04559e
1629946,1394053574,tf_charge,,__akane_and_gold_pokemon_pokemon_game_and_pokemon_gsc_drawn_by_jcdr__2df8c78cf01371e3dec74aae1b5a9233
1629924,1394053241,tf_charge,,__akane_and_gold_pokemon_pokemon_game_and_pokemon_gsc_drawn_by_jcdr__f50f27dbd36526e767393da74b045ee1
1628594,1393892304,Kikimaru,,__omanyte_pokemon_pokemon_game_and_pokemon_rgby_drawn_by_marshu__sample-43b0806005ebd6e550c9782374c3b335
1601079,1390699814,Kikimaru,,__doge_and_holo_spice_and_wolf_drawn_by_cavalry_maslow__sample-36d4f8751cfc61ab68cb66f728dcf46e
1600400,1390614890,user_17027,,__doge_and_holo_spice_and_wolf_drawn_by_cavalry_maslow__sample-2f0d937202ef1a02fa10531d37364994
1590160,1389404449,Traze,,__doge_original_drawn_by_maofan_nekohan__sample-f6d5094ae7c36d41fa95fb4eb8fde7d6
1581134,1388368262,Kikimaru,,__amy_rose_and_sonic_sonic_the_hedgehog_drawn_by_lightsource__c60aeaace6936286267f1d2e1563c08a
1555591,1385491285,Doragonn,,__admiral_and_i_19_congratu_rape_and_kantai_collection_drawn_by_kaneda_mitsuko__d42bf25e21872eba616bc09f88901915
1508159,1379458971,Xeanox,,__annie_leonhardt_shingeki_no_kyojin_drawn_by_youqiniang__sample-f49a62eb59ddce5e141dc450cfdf6b18
1335615,1357537927,Withmyrice,,__aang_abarai_renji_abraham_sapien_adam_savage_admiral_william_adama_and_others_300_a_song_of_ice_and_fire_aahhh_real_monsters_adventure_time_afro_samurai_and_others_drawn_by_isaac_and_raimu__sample-ec26a75fdf6500abb7a00268d6e5e56b
1317686,1355390890,henmere,,__jinaida_and_kiryuu_kana_power_pro_kun_pocket_drawn_by_mechazinaida__d17dbd848b2ce2dc438dbe869ad56eef
1228005,1344368269,ChonyCholy,,__adelbert_akemi_homura_amy_anja_anthony_and_others_gundam_gundam_age_mahou_shoujo_kazumi_magica_mahou_shoujo_madoka_magica_mahou_shoujo_oriko_magica_and_others_drawn_by_damenano104__sample-e8de3d2274f1da23fb9fd909f1f6fa7e
1186481,1339596205,Kikimaru,,__princess_zelda_and_toon_zelda_the_legend_of_zelda_the_legend_of_zelda_a_link_to_the_past_the_legend_of_zelda_ocarina_of_time_the_legend_of_zelda_skyward_sword_the_legend_of_zelda_the_wind_waker_and_others_drawn_by_drawfag__sample-e5a55909318fd11720b6151b7a7a10b6
1177411,1338481945,GiveUpTheGhost,,__uno_aoi_gal_gun_drawn_by_pokiyu__7b8228c035d6a1882ff1b7cd5f6c5253
997420,1316257551,iori98,,__murasa_minamitsu_nazrin_and_toramaru_shou_touhou_drawn_by_handsome_wataru__sample-74b7cc2d2fa83e6c6f2f7b13660d6fb2
939556,1308647842,BlancNeige,,__kuronuma_sawako_4chan_and_kimi_ni_todoke_drawn_by_drawfag__91de807b5c004e009c790ce08f33be68
823659,1294260433,TrinityInRainbows,,__the_legend_of_zelda__fa9d84e6bfe0e1dd68449a464d4d415c
819468,1293769075,HNTI,,__misaka_mikoto_and_shirai_kuroko_to_aru_kagaku_no_railgun_and_to_aru_majutsu_no_index_drawn_by_kido_keiji__8df22c9244a1ad71daf75d866177e59e
809689,1292585588,Herrmobel,,__abe_takakazu_hakurei_reimu_hisou_tensoku_kawashiro_nitori_and_reisen_udongein_inaba_kuso_miso_technique_and_touhou_drawn_by_porurin__70526cfc0bf4a4ceb83adf181e8574cc
776860,1288004451,Mr_GT,,__hong_meiling_and_izayoi_sakuya_touhou_drawn_by_mozu_taiya__0f982234836001d2c6110161e6651339
766765,1287122887,alicemaiwaifu,,__hakurei_reimu_and_kochiya_sanae_2ch_and_touhou_drawn_by_masara__a9ce69108f2d52d99c2ac0fe7f969f84
740520,1283600393,Herrmobel,,__busujima_saeko_highschool_of_the_dead_drawn_by_rasukaru__sample-3b1e7afe616d0a537890e66e0b61d569
738953,1283389643,Vezon_The_Insane,,__ex_keine_fujiwara_no_mokou_hakurei_reimu_and_kamishirasawa_keine_get_chu_sugi_emiko_and_touhou_drawn_by_aioi_aoi__0b489c5298f2c32e257cb36226801c2c
728304,1281949760,redtails,,__achi_cirno_aki_minoriko_aki_shizuha_alice_margatroid_chen_and_others_advent_cirno_grand_theft_auto_immaterial_and_missing_power_inaba_of_the_moon_and_inaba_of_the_earth_kamen_rider_and_others_drawn_by_artrica_and_tagawa_gengo__sample-49928b2fb3c4514e18b80dffbd8a3ef3
645507,1270060161,Herrmobel,,__alice_margatroid_touhou_and_twitter_drawn_by_rozen5__sample-cdfa75569d49cd1e628da20691226bcd
609527,1265130257,Mr_GT,,__hoshiguma_yuugi_congratu_rape_and_touhou_drawn_by_846_gou__571fa3007ace48a3eca23b89f138ff09
426759,1237895957,BakaHoushi,,__nagato_yuki_suzumiya_haruhi_no_yuuutsu_drawn_by_amemori_keron__c69cb30898f49bf5464c98db00ca28e5
386104,1231648318,evazion,,__nagi_and_zange_kannagi_drawn_by_minazuki_tsuyuha__sample-15d6be1ae752f7e81f030cd49ae4e619
352564,1227233877,Dirk_b111,,__boomer_louis_and_zoey_left_4_dead_drawn_by_josue_pereira__sample-a88211dc816949aa6e21be4cff996e17
271152,1214314619,memegui,,__kuki_sama_and_umakai_shintarou_lime_iro_senkitan_drawn_by_honda_naoki__8ec65b4cf70761918cbd2a4785c0f97e
234118,1208814077,saganhawk,,__danbooru_site_drawn_by_shigatake_and_tsurusaki_takahiro__d488cdf7065bff794e7c233a035b77f7
126738,1183498669,albert,,__white_len_4chan_death_note_fate_stay_night_fate_series_fcm_and_others_drawn_by_lord_phr0zen__sample-1a24e2d829a03b0d055fbdf66a6f8066
86729,1164357136,shipixiv,,__gaston_and_suiseiseki_4chan_beauty_and_the_beast_disney_and_rozen_maiden__6ded1472cfc096fad24a9781f01680e6
73759,1159666670,albert,,__mii_and_pedobear_4chan_and_popotan__acdb4d22309371375bc74e7eb8f4c7e7
